{
  "groupmeans_unicode_col_names": {"group": "Aä", "number": "Xfloaté", "prob": 0.004608022565412287, "gain": 0.31448037383507055, "biggies": {"A0": 0.5147290216869519, "A1": 0.4304100299501255, "A10": 0.47478652020113804, "A11": 0.481428535390595, "A12": 0.4106736393081705, "A13": 0.6440158478257261, "A14": 0.44992121970899246, "A15": 0.5564064237940478, "A16": 0.5736623214776327, "A17": 0.4890015995459822, "A18": 0.6202282336055455, "A2": 0.4501432661466092, "A3": 0.4593324615216699, "A4": 0.461197751058537, "A5": 0.4260692431710118, "A6": 0.41067521198025114, "A7": 0.5609584539634339, "A8": 0.4463740270672753, "A9": 0.44765610455270277}, "means": {"Xfloaté": {"A12": 0.4106736393081705, "A6": 0.41067521198025114, "A5": 0.4260692431710118, "A1": 0.4304100299501255, "A8": 0.4463740270672753, "A9": 0.44765610455270277, "A14": 0.44992121970899246, "A2": 0.4501432661466092, "A3": 0.4593324615216699, "A4": 0.461197751058537, "A10": 0.47478652020113804, "A11": 0.481428535390595, "A17": 0.4890015995459822, "A0": 0.5147290216869519, "A15": 0.5564064237940478, "A7": 0.5609584539634339, "A16": 0.5736623214776327, "A18": 0.6202282336055455, "A13": 0.6440158478257261}, "#": {"A12": 21, "A6": 21, "A5": 21, "A1": 21, "A8": 21, "A9": 21, "A14": 21, "A2": 21, "A3": 21, "A4": 21, "A10": 21, "A11": 21, "A17": 21, "A0": 22, "A15": 21, "A7": 21, "A16": 21, "A18": 21, "A13": 21}}},
  "numbers_sparse": {"group": "Régions", "number": "`Numbers1", "prob": 0.00047375374218927975, "gain": 0.9157088122605366, "biggies": {"IL": 2.0, "NO": 2.3333333333333335, "CE": 1.6666666666666667, "Bretagne": 2.5, "Île-de-France": 2.5833333333333335, "Aquitaine": 2.75, "Picardie": 1.75, "PR": 2.3333333333333335, "Bourgogne": 1.5, "HA": 3.5, "BR": 3.0, "PA": 1.1666666666666667, "Nord-Pas-de-Calais": 3.0, "Pays de la Loire": 5.0, "Provence-Alpes-Côte d'Azur": 4.5}, "means": {"`Numbers1": {"BO": 0.0, "Lorraine": 0.0, "PI": 0.0, "PO": 0.0, "BA": 0.0, "Centre": 1.0, "PA": 1.1666666666666667, "CH": 1.5, "Bourgogne": 1.5, "CE": 1.6666666666666667, "Picardie": 1.75, "IL": 2.0, "LO": 2.0, "NO": 2.3333333333333335, "PR": 2.3333333333333335, "AU": 2.5, "Poitou-Charentes": 2.5, "Bretagne": 2.5, "Île-de-France": 2.5833333333333335, "Aquitaine": 2.75, "Nord-Pas-de-Calais": 3.0, "BR": 3.0, "HA": 3.5, "AL": 4.0, "Provence-Alpes-Côte d'Azur": 4.5, "Pays de la Loire": 5.0, "Haute-Normandie": 5.0, "Languedoc-Roussillon": 6.0, "MI": 6.0, "AQ": 6.5, "Alsace": 8.0}, "#": {"BO": 4, "Lorraine": 8, "PI": 4, "PO": 4, "BA": 4, "Centre": 8, "PA": 24, "CH": 8, "Bourgogne": 16, "CE": 12, "Picardie": 16, "IL": 36, "LO": 4, "NO": 24, "PR": 24, "AU": 8, "Poitou-Charentes": 8, "Bretagne": 16, "Île-de-France": 48, "Aquitaine": 16, "Nord-Pas-de-Calais": 12, "BR": 16, "HA": 16, "AL": 4, "Provence-Alpes-Côte d'Azur": 16, "Pays de la Loire": 12, "Haute-Normandie": 8, "Languedoc-Roussillon": 8, "MI": 4, "AQ": 8, "Alsace": 4}}},
  "non_normal_dist": {},
  "only_ints": {"group": "IntCats", "number": "`Numbers", "prob": 0.00029, "gain": 0.09436, "biggies": {"1": 5.40625, "3": 5.625, "4": 4.47222}, "means": {"`Numbers": {"4": 4.47222, "1": 5.40625, "3": 5.625}, "#": {"4": 144, "1": 128, "3": 128}}},
  "col_only_dates": {},
  "floats_col_sparse": {"group": "Régions", "number": "FloatsWithZero", "prob": 1.5712707142299542e-06, "gain": 10.432359828656047, "biggies": {"IL": 0.012747739044444446, "NO": -0.035261418600000004, "CE": 0.0, "Bretagne": 0.005893011075000003, "Île-de-France": 0.010935241941666667, "Aquitaine": 0.11698127617500001, "Picardie": -0.047009469649999996, "PR": 0.043210075099999995, "Bourgogne": 0.05635978480000001, "HA": 0.005033869025, "BR": 0.072658035025, "PA": 0.07478564891666668, "Nord-Pas-de-Calais": 0.0547388023, "Pays de la Loire": 0.03574427096666668, "Provence-Alpes-Côte d'Azur": -0.12318774064999999}, "means": {"FloatsWithZero": {"PO": -0.2453796284, "Haute-Normandie": -0.22377801215, "BA": -0.1698339283, "AU": -0.16148431929999998, "Provence-Alpes-Côte d'Azur": -0.12318774064999999, "Centre": -0.07209921275, "AQ": -0.06658668150000001, "Picardie": -0.047009469649999996, "NO": -0.035261418600000004, "LO": 0.0, "PI": 0.0, "CE": 0.0, "AL": 0.0, "MI": 0.0, "HA": 0.005033869025, "Bretagne": 0.005893011075000003, "Île-de-France": 0.010935241941666667, "IL": 0.012747739044444446, "Pays de la Loire": 0.03574427096666668, "CH": 0.0377686544, "PR": 0.043210075099999995, "Nord-Pas-de-Calais": 0.0547388023, "Bourgogne": 0.05635978480000001, "Languedoc-Roussillon": 0.0726263707, "BR": 0.072658035025, "PA": 0.07478564891666668, "Lorraine": 0.115573334, "Aquitaine": 0.11698127617500001, "Poitou-Charentes": 0.150149774, "Alsace": 0.1766370569, "BO": 0.19676099030000002}, "#": {"PO": 4, "Haute-Normandie": 8, "BA": 4, "AU": 8, "Provence-Alpes-Côte d'Azur": 16, "Centre": 8, "AQ": 8, "Picardie": 16, "NO": 24, "LO": 4, "PI": 4, "CE": 12, "AL": 4, "MI": 4, "HA": 16, "Bretagne": 16, "Île-de-France": 48, "IL":36, "Pays de la Loire": 12, "CH": 8, "PR": 24, "Nord-Pas-de-Calais": 12, "Bourgogne": 16, "Languedoc-Roussillon": 8, "BR": 16, "PA": 24, "Lorraine": 8, "Aquitaine": 16, "Poitou-Charentes": 8, "Alsace": 4, "BO": 4}}}
}
